,id,release_date,movie,production_budget,domestic_gross,worldwide_gross,return_on_investment,year,movie_id,primary_title,original_title,runtime_minutes,genres,averagerating,numvotes,runtime,Horror,month
43,69,2013-06-21,World War Z,190000000,202359711,531514650,2.7974455263157894,2013,tt0816711,World War Z,World War Z,116.0,"Action,Adventure,Horror",7.0,553751,over,True,6
60,94,2018-08-10,The Meg,178000000,145443742,529530715,2.974891657303371,2018,tt4779682,The Meg,The Meg,113.0,"Action,Horror,Sci-Fi",5.7,114042,sweet spot,True,8
106,89,2012-05-11,Dark Shadows,150000000,79727149,238202668,1.5880177866666667,2012,tt1077368,Dark Shadows,Dark Shadows,113.0,"Comedy,Fantasy,Horror",6.2,229818,sweet spot,True,5
198,12,2017-05-19,Alien: Covenant,97000000,74262031,238521247,2.4589819278350515,2017,tt2316204,Alien: Covenant,Alien: Covenant,122.0,"Horror,Sci-Fi,Thriller",6.4,226920,over,True,5
278,65,2012-06-22,Abraham Lincoln: Vampire Hunter,67500000,37519139,137489730,2.036884888888889,2012,tt1611224,Abraham Lincoln: Vampire Hunter,Abraham Lincoln: Vampire Hunter,105.0,"Action,Fantasy,Horror",5.9,142853,sweet spot,True,6
289,4,2012-09-14,Resident Evil: Retribution,65000000,42345531,240647629,3.7022712153846156,2012,tt1855325,Resident Evil: Retribution,Resident Evil: Retribution,95.0,"Action,Horror,Sci-Fi",5.4,125191,sweet spot,True,9
317,26,2013-08-21,The Mortal Instruments: City of Bones,60000000,31165421,75965567,1.2660927833333333,2013,tt1538403,The Mortal Instruments: City of Bones,The Mortal Instruments: City of Bones,130.0,"Action,Fantasy,Horror",5.9,121936,over,True,8
344,27,2012-07-27,The Watch,55000000,34353000,67130045,1.2205462727272727,2012,tt1298649,The Watch,The Watch,102.0,"Action,Comedy,Horror",5.7,115757,sweet spot,True,7
345,32,2018-02-23,Annihilation,55000000,32732301,43070915,0.7831075454545454,2018,tt2798920,Annihilation,Annihilation,115.0,"Adventure,Drama,Horror",6.9,228664,sweet spot,True,2
346,33,2015-10-16,Crimson Peak,55000000,31090320,74966854,1.363033709090909,2015,tt2554274,Crimson Peak,Crimson Peak,119.0,"Drama,Fantasy,Horror",6.5,119287,over,True,10
368,27,2013-01-25,Hansel & Gretel: Witch Hunters,50000000,55703475,214949716,4.29899432,2013,tt1428538,Hansel & Gretel: Witch Hunters,Hansel & Gretel: Witch Hunters,88.0,"Action,Fantasy,Horror",6.1,183387,under,True,1
419,55,2011-03-11,Red Riding Hood,42000000,37662162,91678442,2.182820047619048,2011,tt1486185,Red Riding Hood,Red Riding Hood,100.0,"Fantasy,Horror,Mystery",5.5,102369,sweet spot,True,3
442,49,2011-08-12,Final Destination 5,40000000,42587643,155011165,3.875279125,2011,tt1622979,Final Destination 5,Final Destination 5,92.0,Horror,5.9,98061,under,True,8
445,55,2011-04-15,Scream 4,40000000,38180928,95989590,2.39973975,2011,tt1262416,Scream 4,Scream 4,111.0,"Horror,Mystery",6.2,118779,sweet spot,True,4
455,84,2017-01-27,Resident Evil: The Final Chapter,40000000,26844692,314101190,7.85252975,2017,tt2592614,Resident Evil: The Final Chapter,Resident Evil: The Final Chapter,107.0,"Action,Horror,Sci-Fi",5.6,74979,sweet spot,True,1
466,24,2015-11-25,Victor Frankenstein,40000000,5775076,31124367,0.778109175,2015,tt1976009,Victor Frankenstein,Victor Frankenstein,110.0,"Drama,Horror,Sci-Fi",6.0,47492,sweet spot,True,11
479,77,2011-10-14,The Thing,38000000,16999934,27573078,0.7256073157894737,2011,tt0905372,The Thing,The Thing,103.0,"Horror,Mystery,Sci-Fi",6.2,111900,sweet spot,True,10
485,91,2015-11-25,Creed,37000000,109767581,173567581,4.691015702702702,2015,tt1632705,Creed,Creed,77.0,Horror,6.6,12,under,True,11
488,100,2011-01-28,The Rite,37000000,33047633,97143987,2.625513162162162,2011,tt1161864,The Rite,The Rite,114.0,"Drama,Horror,Mystery",6.0,85604,sweet spot,True,1
495,24,2017-09-08,It,35000000,327481748,697457969,19.927370542857144,2017,tt1396484,It,It,135.0,"Horror,Thriller",7.4,359123,over,True,9
503,62,2015-05-22,Poltergeist,35000000,47425125,95713069,2.7346591142857144,2015,tt1029360,Poltergeist,Poltergeist,93.0,"Horror,Thriller",4.9,51538,under,True,5
534,58,2011-12-25,The Darkest Hour,34800000,21443494,62831715,1.805509051724138,2011,tt1093357,The Darkest Hour,The Darkest Hour,89.0,"Action,Adventure,Horror",4.9,55071,under,True,12
544,83,2015-10-30,Freaks of Nature,33000000,70958,70958,0.0021502424242424243,2015,tt1817771,Freaks of Nature,Freaks of Nature,92.0,"Comedy,Horror,Sci-Fi",5.9,9670,under,True,10
563,70,2013-02-01,Warm Bodies,30000000,66380662,115121608,3.8373869333333332,2013,tt1588173,Warm Bodies,Warm Bodies,98.0,"Comedy,Horror,Romance",6.9,208709,sweet spot,True,2
576,11,2012-04-13,The Cabin in the Woods,30000000,42073277,70689968,2.3563322666666666,2012,tt1259521,The Cabin in the Woods,The Cabin in the Woods,95.0,Horror,7.0,338445,sweet spot,True,4
578,22,2013-09-13,The Family,30000000,36918811,51078541,1.7026180333333334,2013,tt1728973,The Family,The Family,88.0,"Horror,Thriller",5.0,833,under,True,9
581,26,2013-10-18,Carrie,30000000,35266619,82409520,2.746984,2013,tt1939659,Carrie,Carrie,100.0,"Drama,Horror",5.9,125424,sweet spot,True,10
585,34,2014-07-02,Deliver Us from Evil,30000000,30577122,87956618,2.9318872666666667,2014,tt2377322,Deliver Us from Evil,Deliver Us from Evil,118.0,"Horror,Mystery,Thriller",6.2,63793,over,True,7
595,58,2011-08-19,Fright Night,30000000,18298649,40520649,1.3506883,2011,tt1438176,Fright Night,Fright Night,106.0,"Comedy,Horror",6.4,94555,sweet spot,True,8
616,30,2019-09-30,Unhinged,29000000,0,0,0.0,2019,tt5940342,Unhinged,Unhinged,93.0,Horror,4.2,512,under,True,9
630,74,2016-02-05,Pride and Prejudice and Zombies,28000000,10907291,16638300,0.594225,2016,tt1374989,Pride and Prejudice and Zombies,Pride and Prejudice and Zombies,108.0,"Action,Comedy,Horror",5.8,46187,sweet spot,True,2
662,38,2017-02-03,Rings,25000000,27793018,82917283,3.31669132,2017,tt0498381,Rings,Rings,102.0,"Drama,Horror,Mystery",4.5,34151,sweet spot,True,2
663,43,2011-08-26,Don't Be Afraid of the Dark,25000000,24046682,39126427,1.56505708,2011,tt1270761,Don't Be Afraid of the Dark,Don't Be Afraid of the Dark,99.0,"Fantasy,Horror,Thriller",5.6,44490,sweet spot,True,8
665,52,2011-09-02,Shark Night 3D,25000000,18877153,18877153,0.75508612,2011,tt1633356,Shark Night 3D,Shark Night 3D,90.0,"Horror,Thriller",4.0,23190,under,True,9
716,49,2014-10-31,Before I Go to Sleep,22000000,3242457,19563579,0.889253590909091,2014,tt1726592,Before I Go to Sleep,Before I Go to Sleep,92.0,"Drama,Horror,Mystery",6.3,64684,under,True,10
720,61,2019-04-05,Pet Sematary,21000000,54724696,109501146,5.214340285714286,2019,tt0837563,Pet Sematary,Pet Sematary,101.0,"Horror,Mystery,Thriller",6.0,34472,sweet spot,True,4
725,82,2019-02-01,Velvet Buzzsaw,21000000,0,0,0.0,2019,tt7043012,Velvet Buzzsaw,Velvet Buzzsaw,113.0,"Horror,Mystery,Thriller",5.7,40213,sweet spot,True,2
728,93,2013-07-19,The Conjuring,20000000,137400141,318000141,15.90000705,2013,tt1457767,The Conjuring,The Conjuring,112.0,"Horror,Mystery,Thriller",7.5,397233,sweet spot,True,7
747,55,2013-01-04,Texas Chainsaw 3D,20000000,34341945,47666013,2.38330065,2013,tt1572315,Texas Chainsaw 3D,Texas Chainsaw 3D,92.0,"Horror,Thriller",4.8,41784,under,True,1
755,11,2017-09-29,Flatliners,20000000,16883115,45173738,2.2586869,2017,tt2039338,Flatliners,Flatliners,109.0,"Drama,Horror,Mystery",5.2,33752,sweet spot,True,9
772,81,2018-10-26,Suspiria,20000000,2483472,7034615,0.35173075,2018,tt1034415,Suspiria,Suspiria,152.0,"Fantasy,Horror,Mystery",6.8,37360,over,True,10
777,6,2015-10-30,Regression,20000000,55039,15824374,0.7912187,2015,tt3319920,Regression,Regression,106.0,"Crime,Horror,Mystery",5.7,33335,sweet spot,True,10
783,17,2018-12-13,Bird Box,19800000,0,0,0.0,2018,tt2737304,Bird Box,Bird Box,124.0,"Drama,Horror,Sci-Fi",6.6,218063,over,True,12
795,78,2015-09-11,The Perfect Guy,18000000,57027435,60278166,3.348787,2015,tt3862750,The Perfect Guy,The Perfect Guy,100.0,"Crime,Drama,Horror",5.6,8998,sweet spot,True,9
803,4,2017-04-28,The Circle,18000000,20497844,40651864,2.258436888888889,2017,tt2122313,The Circle,Cirkeln,144.0,"Drama,Fantasy,Horror",5.9,2396,over,True,4
815,51,2014-11-14,Wolves,18000000,0,94953,0.005275166666666667,2014,tt1403241,Wolves,Wolves,91.0,"Action,Fantasy,Horror",5.3,7312,under,True,11
818,56,2012-07-13,Red Lights,17700000,49521,14518884,0.8202759322033898,2012,tt1748179,Red Lights,Red Lights,114.0,"Drama,Fantasy,Horror",6.2,55287,sweet spot,True,7
823,77,2013-04-05,Evil Dead,17000000,54239856,97778356,5.751668,2013,tt1288558,Evil Dead,Evil Dead,91.0,"Fantasy,Horror,Thriller",6.5,146399,under,True,4
826,4,2012-08-24,The Apparition,17000000,4936819,10637281,0.6257224117647059,2012,tt1433822,The Apparition,The Apparition,83.0,"Horror,Thriller",4.1,18112,under,True,8
834,57,2014-10-03,Left Behind,16000000,14019924,20769209,1.2980755625,2014,tt2243377,Left Behind,Left Behind,86.0,"Horror,Mystery,Thriller",6.5,33,under,True,10
838,71,2013-04-05,Trance,16000000,2322593,22594052,1.41212825,2013,tt1111235,Trance,Trance,83.0,Horror,4.6,77,under,True,4
840,79,2012-11-02,Vamps,16000000,3361,94812,0.00592575,2012,tt1545106,Vamps,Vamps,92.0,"Comedy,Horror,Romance",5.2,8838,under,True,11
843,2,2017-08-11,Annabelle: Creation,15000000,102092201,305384865,20.358991,2017,tt5140878,Annabelle: Creation,Annabelle: Creation,109.0,"Horror,Mystery,Thriller",6.5,90402,sweet spot,True,8
846,18,2012-02-03,The Woman in Black,15000000,54333290,128955898,8.597059866666667,2012,tt1596365,The Woman in Black,The Woman in Black,95.0,"Drama,Fantasy,Horror",6.4,165357,sweet spot,True,2
849,28,2015-12-04,Krampus,15000000,42725475,61788393,4.1192262,2015,tt3850590,Krampus,Krampus,98.0,"Comedy,Fantasy,Horror",6.2,55400,sweet spot,True,12
869,25,2015-10-30,Scouts Guide to the Zombie Apocalypse,15000000,3703046,15554855,1.0369903333333332,2015,tt1727776,Scouts Guide to the Zombie Apocalypse,Scouts Guide to the Zombie Apocalypse,93.0,"Action,Comedy,Horror",6.3,40479,under,True,10
871,30,2016-09-09,The Disappointments Room,15000000,2423467,3503761,0.23358406666666667,2016,tt2364897,The Disappointments Room,The Disappointments Room,85.0,"Drama,Horror,Thriller",3.9,8167,under,True,9
883,81,2012-08-31,The Possession,14000000,49130588,82925064,5.9232188571428575,2012,tt0431021,The Possession,The Possession,92.0,"Horror,Mystery,Thriller",5.9,53649,under,True,8
893,42,2014-04-04,Under the Skin,13300000,2614251,7229933,0.543603984962406,2014,tt1441395,Under the Skin,Under the Skin,108.0,"Drama,Horror,Sci-Fi",6.3,113196,sweet spot,True,4
896,49,2018-07-04,The First Purge,13000000,69488745,136617305,10.509023461538462,2018,tt6133466,The First Purge,The First Purge,98.0,"Action,Horror,Sci-Fi",5.1,41741,sweet spot,True,7
898,54,2016-06-24,The Shallows,13000000,55121623,118763442,9.135649384615384,2016,tt4052882,The Shallows,The Shallows,86.0,"Drama,Horror,Thriller",6.3,106927,under,True,6
910,3,2015-07-24,The Vatican Tapes,13000000,1784763,14929184,1.1483987692307693,2015,tt1524575,The Vatican Tapes,The Vatican Tapes,91.0,"Horror,Thriller",5.0,14822,under,True,7
914,14,2013-03-15,The Call,12800000,51872378,69821476,5.4548028125,2013,tt1911644,The Call,The Call,94.0,"Crime,Drama,Horror",6.7,103780,sweet spot,True,3
935,97,2017-07-14,Wish Upon,12000000,14301505,23477345,1.9564454166666667,2017,tt5322012,Wish Upon,Wish Upon,90.0,"Drama,Fantasy,Horror",5.0,14962,under,True,7
961,25,2013-12-06,The Last Days on Mars,10600000,24084,261364,0.02465698113207547,2013,tt1709143,The Last Days on Mars,The Last Days on Mars,98.0,"Adventure,Horror,Sci-Fi",5.5,33137,sweet spot,True,12
962,36,2018-10-19,Halloween,10000000,159342015,254900667,25.4900667,2018,tt1502407,Halloween,Halloween,106.0,"Horror,Thriller",6.6,88395,sweet spot,True,10
963,42,2016-07-01,The Purge: Election Year,10000000,79042440,118514727,11.8514727,2016,tt4094724,The Purge: Election Year,The Purge: Election Year,108.0,"Action,Horror,Sci-Fi",6.0,80254,sweet spot,True,7
965,45,2018-01-05,Insidious: The Last Key,10000000,67745330,167885588,16.7885588,2018,tt5726086,Insidious: The Last Key,Insidious: The Last Key,103.0,"Horror,Mystery,Thriller",5.7,42154,sweet spot,True,1
968,56,2018-06-08,Hereditary,10000000,44069456,70133905,7.0133905,2018,tt7784604,Hereditary,Hereditary,127.0,"Drama,Horror,Mystery",7.3,151571,over,True,6
969,61,2017-10-27,Jigsaw,10000000,38052832,102445196,10.2445196,2017,tt3348730,Jigsaw,Jigsaw,92.0,"Crime,Horror,Mystery",5.8,57184,under,True,10
970,68,2016-01-22,The Boy,10000000,35819556,68220952,6.8220952,2016,tt2443822,The Boy,The Boy,105.0,"Drama,Horror,Thriller",5.4,4251,sweet spot,True,1
973,80,2018-08-10,Slender Man,10000000,30564825,51723644,5.1723644,2018,tt5690360,Slender Man,Slender Man,93.0,"Horror,Mystery,Thriller",3.2,19650,under,True,8
974,85,2016-09-09,When the Bough Breaks,10000000,29747603,30768449,3.0768449,2016,tt1389139,When the Bough Breaks,When the Bough Breaks,107.0,"Crime,Drama,Horror",5.1,4729,sweet spot,True,9
975,91,2015-08-21,Sinister 2,10000000,27740955,54104225,5.4104225,2015,tt2752772,Sinister 2,Sinister 2,97.0,"Horror,Mystery,Thriller",5.3,41782,sweet spot,True,8
976,92,2016-01-08,The Forest,10000000,26594261,40749230,4.074923,2016,tt1488602,The Forest,The Forest,98.0,"Horror,Thriller",3.5,135,sweet spot,True,1
981,1,2016-09-16,Blair Witch,10000000,20777061,38985577,3.8985577,2016,tt1540011,Blair Witch,Blair Witch,89.0,"Horror,Mystery,Thriller",5.0,36867,under,True,9
982,7,2015-10-23,Paranormal Activity: The Ghost Dimension,10000000,18297124,77959374,7.7959374,2015,tt2473510,Paranormal Activity: The Ghost Dimension,Paranormal Activity: The Ghost Dimension,88.0,"Horror,Mystery,Thriller",4.6,22361,under,True,10
994,52,2012-11-30,The Collection,10000000,6810754,8890094,0.8890094,2012,tt1748227,The Collection,The Collection,82.0,"Action,Horror,Thriller",6.1,42256,under,True,11
1017,39,2014-09-26,Plastic,10000000,0,575371,0.0575371,2014,tt1691450,Plastic,Plastic,80.0,Horror,6.2,91,under,True,9
1019,45,2012-04-13,Detention,10000000,0,0,0.0,2012,tt0990363,Detention,Detention,81.0,"Horror,Thriller",3.0,889,under,True,4
1020,46,2014-02-07,Nurse 3D,10000000,0,0,0.0,2014,tt1913166,Nurse 3D,Nurse 3-D,84.0,"Horror,Thriller",4.6,8768,under,True,2
1025,59,2013-12-31,Re-Kill,9500000,0,0,0.0,2013,tt1612319,Re-Kill,Re-Kill,88.0,"Action,Horror",5.0,2328,under,True,12
1029,71,2014-07-18,The Purge: Anarchy,9000000,71562550,111534881,12.392764555555555,2014,tt2975578,The Purge: Anarchy,The Purge: Anarchy,103.0,"Action,Horror,Sci-Fi",6.5,126203,sweet spot,True,7
1030,75,2016-10-21,Ouija: Origin of Evil,9000000,35144505,81831866,9.092429555555556,2016,tt4361050,Ouija: Origin of Evil,Ouija: Origin of Evil,99.0,"Drama,Horror,Mystery",6.1,47099,sweet spot,True,10
1031,78,2019-02-13,Happy Death Day 2U,9000000,28051045,64179495,7.131055,2019,tt8155288,Happy Death Day 2U,Happy Death Day 2U,100.0,"Drama,Horror,Mystery",6.3,27462,sweet spot,True,2
1054,72,2019-05-03,The Intruder,8000000,35095904,36005871,4.500733875,2019,tt1773741,The Intruder,Khew ar-khard,106.0,Horror,4.3,136,sweet spot,True,5
1075,68,2016-06-24,The Neon Demon,7500000,1333124,3559803,0.4746404,2016,tt1974419,The Neon Demon,The Neon Demon,117.0,"Horror,Thriller",6.2,72359,over,True,6
1079,77,2017-01-13,The Bye Bye Man,7400000,22395806,31187727,4.214557702702702,2017,tt4030600,The Bye Bye Man,The Bye Bye Man,96.0,"Drama,Fantasy,Horror",4.3,17743,sweet spot,True,1
1087,14,2014-01-17,Devil's Due,7000000,15821461,36146087,5.163726714285715,2014,tt2752758,Devil's Due,Devil's Due,89.0,"Horror,Mystery,Thriller",4.1,15502,under,True,1
1096,66,2013-07-23,Twixt,7000000,0,1268346,0.18119228571428572,2013,tt1756851,Twixt,Twixt,88.0,"Comedy,Fantasy,Horror",4.8,9774,under,True,7
1098,73,2012-09-21,House at the End of the Street,6900000,31611916,44103982,6.391881449275362,2012,tt1582507,House at the End of the Street,House at the End of the Street,101.0,"Drama,Horror,Thriller",5.6,66303,sweet spot,True,9
1100,84,2014-10-03,Annabelle,6500000,84273813,256862920,39.517372307692305,2014,tt3322940,Annabelle,Annabelle,99.0,"Horror,Mystery,Thriller",5.4,122039,sweet spot,True,10
1107,36,2019-02-08,The Prodigy,6000000,14856291,19789712,3.2982853333333333,2019,tt4504044,The Prodigy,The Prodigy,92.0,"Horror,Thriller",5.9,11456,under,True,2
1108,37,2018-11-30,The Possession of Hannah Grace,6000000,14836174,42785387,7.130897833333333,2018,tt5734576,The Possession of Hannah Grace,The Possession of Hannah Grace,86.0,"Horror,Mystery,Thriller",5.2,11629,under,True,11
1126,20,2018-09-28,Hell Fest,5500000,11107431,18119231,3.2944056363636363,2018,tt1999890,Hell Fest,Hell Fest,89.0,Horror,5.5,8662,under,True,9
1131,38,2013-07-19,Grabbers,5300000,0,440821,0.08317377358490566,2013,tt1525366,Grabbers,Grabbers,94.0,"Comedy,Horror,Sci-Fi",6.3,15727,sweet spot,True,7
1133,49,2017-02-24,Get Out,5000000,176040665,255367951,51.0735902,2017,tt5052448,Get Out,Get Out,104.0,"Horror,Mystery,Thriller",7.7,400474,sweet spot,True,2
1135,51,2011-10-21,Paranormal Activity 3,5000000,104028807,207039844,41.4079688,2011,tt1778304,Paranormal Activity 3,Paranormal Activity 3,83.0,"Horror,Mystery,Thriller",5.8,85689,under,True,10
1136,54,2016-03-11,10 Cloverfield Lane,5000000,72082999,108286422,21.6572844,2016,tt1179933,10 Cloverfield Lane,10 Cloverfield Lane,103.0,"Drama,Horror,Mystery",7.2,260383,sweet spot,True,3
1139,58,2017-10-13,Happy Death Day,5000000,55683845,125010260,25.002052,2017,tt5308322,Happy Death Day,Happy Death Day,96.0,"Horror,Mystery,Thriller",6.5,87132,sweet spot,True,10
1140,59,2012-10-19,Paranormal Activity 4,5000000,53900335,142817992,28.5635984,2012,tt2109184,Paranormal Activity 4,Paranormal Activity 4,88.0,"Horror,Mystery,Thriller",4.6,58408,under,True,10
1141,60,2014-10-24,Ouija,5000000,50856010,103300632,20.6601264,2014,tt1204977,Ouija,Ouija,89.0,"Horror,Mystery,Thriller",4.5,44054,under,True,10
1144,70,2014-01-03,Paranormal Activity: The Marked Ones,5000000,32462372,90904854,18.1809708,2014,tt2473682,Paranormal Activity: The Marked Ones,Paranormal Activity: The Marked Ones,84.0,"Horror,Mystery,Thriller",5.0,37147,under,True,1
1145,72,2014-04-11,Oculus,5000000,27695246,44115496,8.8230992,2014,tt2388715,Oculus,Oculus,104.0,"Horror,Mystery",6.5,106906,sweet spot,True,4
1148,76,2015-02-27,The Lazarus Effect,5000000,25801570,38359310,7.671862,2015,tt2918436,The Lazarus Effect,The Lazarus Effect,83.0,"Horror,Mystery,Sci-Fi",5.2,37675,under,True,2
1150,79,2018-03-09,The Strangers: Prey at Night,5000000,24431472,29960051,5.9920102,2018,tt1285009,The Strangers: Prey at Night,The Strangers: Prey at Night,85.0,Horror,5.2,21614,under,True,3
1154,94,2011-09-02,Apollo 18,5000000,17686929,26517819,5.3035638,2011,tt1772240,Apollo 18,Apollo 18,86.0,"Horror,Mystery,Sci-Fi",5.2,51427,under,True,9
1157,4,2017-06-09,It Comes at Night,5000000,13985117,19720203,3.9440406,2017,tt4695012,It Comes at Night,It Comes at Night,91.0,"Horror,Mystery",6.2,69039,under,True,6
1160,21,2017-03-17,The Belko Experiment,5000000,10166820,11792942,2.3585884,2017,tt1082807,The Belko Experiment,The Belko Experiment,89.0,"Horror,Thriller",6.1,38378,under,True,3
1164,39,2016-12-02,Incarnate,5000000,4799774,9371036,1.8742072,2016,tt3216348,Incarnate,Incarnate,91.0,"Horror,Thriller",5.3,10217,under,True,12
1166,46,2016-04-15,Green Room,5000000,3220371,3807503,0.7615006,2016,tt4062536,Green Room,Green Room,95.0,"Horror,Music,Thriller",7.0,90773,sweet spot,True,4
1177,81,2015-05-15,Area 51,5000000,7556,7556,0.0015112,2015,tt1519461,Area 51,Area 51,91.0,"Horror,Sci-Fi,Thriller",4.2,11537,under,True,5
1189,4,2012-08-17,The Awakening,4900000,95933,6924321,1.4131267346938776,2012,tt1373405,The Awakening,The Awakening,83.0,"Horror,Thriller",2.4,141,under,True,8
1191,9,2011-09-30,Take Shelter,4750000,1728953,4972016,1.0467402105263157,2011,tt1675192,Take Shelter,Take Shelter,121.0,"Drama,Horror,Thriller",7.4,83200,over,True,9
1197,47,2015-05-08,Maggie,4500000,187112,1027760,0.2283911111111111,2015,tt1881002,Maggie,Maggie,95.0,"Drama,Horror",5.6,38671,sweet spot,True,5
1200,55,2013-06-25,Hansel & Gretel Get Baked,4500000,0,0,0.0,2013,tt2081194,Hansel & Gretel Get Baked,Hansel & Gretel Get Baked,86.0,"Comedy,Horror",4.3,3225,under,True,6
1207,81,2015-01-23,The Boy Next Door,4000000,36006065,53401938,13.3504845,2015,tt3181822,The Boy Next Door,The Boy Next Door,91.0,"Horror,Thriller",4.7,34816,under,True,1
1210,90,2013-03-01,The Last Exorcism Part II,4000000,15179303,25448707,6.36217675,2013,tt2034139,The Last Exorcism Part II,The Last Exorcism Part II,88.0,"Drama,Horror,Thriller",4.0,15124,under,True,3
1211,98,2016-05-13,The Darkness,4000000,10753574,10898293,2.72457325,2016,tt1878841,The Darkness,The Darkness,92.0,"Horror,Thriller",4.4,12435,under,True,5
1214,22,2011-09-23,Red State,4000000,1065429,1983596,0.495899,2011,tt0873886,Red State,Red State,88.0,"Action,Crime,Horror",6.2,59266,under,True,9
1223,47,2011-04-22,Stake Land,4000000,33245,679482,0.1698705,2011,tt1464580,Stake Land,Stake Land,98.0,"Drama,Horror,Sci-Fi",6.5,38749,sweet spot,True,4
1224,51,2014-04-18,13 Sins,4000000,9134,47552,0.011888,2014,tt2059171,13 Sins,13 Sins,93.0,"Horror,Thriller",6.3,29550,under,True,4
1232,91,2018-04-13,Truth or Dare,3500000,41411015,95127344,27.179241142857144,2018,tt2125681,Truth or Dare,Truth or Dare,85.0,"Horror,Romance,Thriller",6.0,14,under,True,4
1233,94,2016-02-19,The Witch,3500000,25138705,40454520,11.558434285714286,2016,tt4263482,The Witch,The VVitch: A New-England Folktale,92.0,"Horror,Mystery",6.8,154278,under,True,2
1235,97,2013-02-22,Dark Skies,3500000,17418667,27704111,7.9154602857142855,2013,tt2387433,Dark Skies,Dark Skies,97.0,"Horror,Sci-Fi,Thriller",6.3,65754,sweet spot,True,2
1252,63,2013-04-12,Antiviral,3100000,0,123407,0.039808709677419354,2013,tt2099556,Antiviral,Antiviral,108.0,"Horror,Sci-Fi,Thriller",5.7,11025,sweet spot,True,4
1254,67,2013-06-07,The Purge,3000000,64473115,91266581,30.422193666666665,2013,tt2184339,The Purge,The Purge,85.0,"Horror,Thriller",5.7,183549,under,True,6
1255,69,2012-10-12,Sinister,3000000,48086903,87727807,29.242602333333334,2012,tt1922777,Sinister,Sinister,110.0,"Horror,Mystery,Thriller",6.8,198345,sweet spot,True,10
1262,28,2014-09-19,Tusk,3000000,1821983,1887554,0.6291846666666666,2014,tt3099498,Tusk,Tusk,102.0,"Comedy,Drama,Horror",5.3,40827,sweet spot,True,9
1265,33,2011-05-06,Hobo with a Shotgun,3000000,703372,834953,0.2783176666666667,2011,tt1640459,Hobo with a Shotgun,Hobo with a Shotgun,86.0,"Action,Comedy,Horror",6.1,41633,under,True,5
1268,38,2011-09-09,Creature,3000000,331000,331000,0.11033333333333334,2011,tt1686018,Creature,Creature,93.0,Horror,3.7,2723,under,True,9
1273,53,2012-01-13,The Divide,3000000,18000,156362,0.05212066666666667,2012,tt1535616,The Divide,The Divide,112.0,"Drama,Horror,Sci-Fi",5.8,33603,sweet spot,True,1
1274,56,2017-10-10,Demonic,3000000,0,4668109,1.5560363333333334,2017,tt1841642,Demonic,Demonic,83.0,"Horror,Thriller",5.3,12025,under,True,10
1279,68,2015-03-17,Something Wicked,3000000,0,0,0.0,2015,tt1327601,Something Wicked,Something Wicked,95.0,"Drama,Horror,Mystery",4.8,1243,sweet spot,True,3
1280,72,2015-08-14,Amnesiac,3000000,0,0,0.0,2015,tt2693114,Amnesiac,Amnesiac,90.0,"Drama,Horror,Thriller",2.3,104,under,True,8
1281,73,2015-12-31,Unnatural,3000000,0,0,0.0,2015,tt3551400,Unnatural,Unnatural,89.0,"Action,Horror,Sci-Fi",4.0,1590,under,True,12
1285,95,2015-12-31,Sardaar Ji,2700000,0,8200000,3.037037037037037,2015,tt4080386,Sardaar Ji,Sardaar Ji,141.0,"Comedy,Fantasy,Horror",6.5,1182,over,True,12
1295,44,2013-06-21,Alien Uprising,2500000,0,0,0.0,2013,tt2040578,Alien Uprising,U.F.O.,101.0,"Comedy,Horror,Sci-Fi",3.2,3166,sweet spot,True,6
1298,49,2016-09-02,Antibirth,2500000,0,0,0.0,2016,tt3333870,Antibirth,Antibirth,94.0,Horror,4.9,2759,sweet spot,True,9
1306,83,2012-12-31,Infected,2100000,0,0,0.0,2012,tt1622991,Infected,Infected,95.0,"Action,Horror,Sci-Fi",2.8,1028,sweet spot,True,12
1310,94,2015-03-13,It Follows,2000000,14674077,23250755,11.6253775,2015,tt3235888,It Follows,It Follows,100.0,"Horror,Mystery",6.9,182839,sweet spot,True,3
1312,97,2012-03-09,Silent House,2000000,12739737,16610760,8.30538,2012,tt1767382,Silent House,Silent House,86.0,"Drama,Horror,Mystery",5.3,20831,under,True,3
1324,41,2014-11-28,The Babadook,2000000,950792,7482387,3.7411935,2014,tt2321549,The Babadook,The Babadook,94.0,"Drama,Horror",6.8,171411,sweet spot,True,11
1332,76,2011-09-09,Grave Encounters,2000000,0,2151887,1.0759435,2011,tt1703199,Grave Encounters,Grave Encounters,92.0,Horror,6.1,48125,under,True,9
1333,77,2015-10-23,Bone Tomahawk,2000000,0,475846,0.237923,2015,tt2494362,Bone Tomahawk,Bone Tomahawk,132.0,"Adventure,Drama,Horror",7.1,70298,over,True,10
1334,79,2013-04-01,Stitches,2000000,0,63555,0.0317775,2013,tt1623771,Stitches,Stitches,71.0,Horror,7.2,20,under,True,4
1340,96,2015-03-20,The Walking Deceased,2000000,0,0,0.0,2015,tt3499458,The Walking Deceased,Walking with the Dead,88.0,"Comedy,Horror",3.5,2914,under,True,3
1342,98,2015-08-21,The Curse of Downers Grove,2000000,0,0,0.0,2015,tt1772261,The Curse of Downers Grove,The Curse of Downers Grove,89.0,"Drama,Horror,Mystery",4.5,1618,under,True,8
1343,99,2015-12-31,Wind Walkers,2000000,0,0,0.0,2015,tt1236254,Wind Walkers,Wind Walkers,93.0,"Action,Horror,Thriller",3.8,234,under,True,12
1349,13,2013-07-26,Stranded,1900000,0,285593,0.15031210526315789,2013,tt1372689,Stranded,Djinns,103.0,"Horror,Mystery",5.1,800,sweet spot,True,7
1355,38,2019-04-23,Living Dark: The Story of Ted the Caver,1750000,0,0,0.0,2019,tt2100573,Living Dark: The Story of Ted the Caver,Living Dark: The Story of Ted the Caver,112.0,Horror,5.3,349,sweet spot,True,4
1358,48,2019-02-01,Braid,1660000,0,80745,0.04864156626506024,2019,tt4638148,Braid,Braid,82.0,"Horror,Mystery,Thriller",5.3,1115,under,True,2
1360,63,2011-04-01,Insidious,1500000,54009150,99870886,66.58059066666667,2011,tt1591095,Insidious,Insidious,103.0,"Horror,Mystery,Thriller",6.9,254197,sweet spot,True,4
1362,70,2018-03-23,Unsane,1500000,7690044,14244931,9.496620666666667,2018,tt7153766,Unsane,Unsane,98.0,"Drama,Horror,Mystery",6.4,32049,sweet spot,True,3
1365,84,2013-04-19,The Lords of Salem,1500000,1165881,1541131,1.0274206666666668,2013,tt1731697,The Lords of Salem,The Lords of Salem,101.0,"Horror,Thriller",5.1,25089,sweet spot,True,4
1366,85,2016-10-21,31,1500000,779820,922727,0.6151513333333334,2016,tt3835080,31,31,102.0,"Horror,Thriller",5.1,15055,sweet spot,True,10
1367,87,2016-04-22,Unsullied,1500000,510957,510957,0.340638,2016,tt3139764,Unsullied,Unsullied,93.0,"Action,Horror,Thriller",4.3,278,under,True,4
1372,7,2014-10-17,Housebound,1500000,0,236863,0.15790866666666667,2014,tt3504048,Housebound,Housebound,107.0,"Comedy,Horror,Mystery",6.8,29757,sweet spot,True,10
1378,16,2015-11-20,#Horror,1500000,0,0,0.0,2015,tt3526286,#Horror,#Horror,101.0,"Crime,Drama,Horror",3.0,3092,sweet spot,True,11
1382,25,2013-04-05,Eddie: The Sleepwalking Cannibal,1400000,1632,1632,0.0011657142857142858,2013,tt1480658,Eddie: The Sleepwalking Cannibal,Eddie,90.0,"Comedy,Horror",5.6,1364,under,True,4
1383,28,2014-12-31,House at the End of the Drive,1400000,0,0,0.0,2014,tt0464054,House at the End of the Drive,House at the End of the Drive,91.0,"Horror,Thriller",6.5,331,under,True,12
1389,54,2016-12-31,Bodom,1250000,0,726460,0.581168,2016,tt3669462,Bodom,Bodom,65.0,"Horror,Mystery,Thriller",5.6,308,under,True,12
1393,77,2018-02-06,Blood Feast,1200000,8708,8708,0.0072566666666666665,2018,tt4847546,Blood Feast,Blood Feast,90.0,Horror,4.9,653,under,True,2
1395,84,2012-09-07,Crowsnest,1200000,0,0,0.0,2012,tt2180333,Crowsnest,Crowsnest,84.0,"Horror,Mystery,Thriller",3.9,1481,under,True,9
1396,85,2012-09-14,Airborne,1200000,0,0,0.0,2012,tt1827354,Airborne,Airborne,81.0,"Comedy,Crime,Horror",3.9,2248,under,True,9
1397,87,2015-02-03,Bleeding Hearts,1200000,0,0,0.0,2015,tt2622294,Bleeding Hearts,Bleeding Hearts,100.0,Horror,3.4,123,sweet spot,True,2
1398,88,2013-12-31,The Wicked Within,1200000,0,0,0.0,2013,tt1943014,The Wicked Within,The Wicked Within,84.0,Horror,4.5,1123,under,True,12
1399,100,2012-05-18,Beyond the Black Rainbow,1100000,56491,56491,0.051355454545454544,2012,tt1534085,Beyond the Black Rainbow,Beyond the Black Rainbow,110.0,"Horror,Sci-Fi,Thriller",6.0,10765,sweet spot,True,5
1402,8,2013-12-31,The Vatican Exorcisms,1100000,0,0,0.0,2013,tt3043194,The Vatican Exorcisms,The Vatican Exorcisms,76.0,Horror,2.5,413,under,True,12
1403,12,2012-01-06,The Devil Inside,1000000,53262945,101759490,101.75949,2012,tt1560985,The Devil Inside,The Devil Inside,83.0,Horror,4.2,33522,under,True,1
1404,14,2015-04-17,Unfriended,1000000,32789645,64364198,64.364198,2015,tt3713166,Unfriended,Unfriended,83.0,"Horror,Mystery,Thriller",5.6,62043,under,True,4
1405,17,2013-08-23,You're Next,1000000,18494006,26887177,26.887177,2013,tt1853739,You're Next,You're Next,95.0,"Action,Comedy,Horror",6.6,79451,sweet spot,True,8
1406,18,2012-05-25,Chernobyl Diaries,1000000,18119640,42411721,42.411721,2012,tt1991245,Chernobyl Diaries,Chernobyl Diaries,86.0,"Horror,Mystery,Thriller",5.0,60304,under,True,5
1407,29,2018-07-20,Unfriended: Dark Web,1000000,8866745,16434588,16.434588,2018,tt4761916,Unfriended: Dark Web,Unfriended: Dark Web,92.0,"Crime,Horror,Mystery",5.9,13822,under,True,7
1408,31,2015-09-25,The Green Inferno,1000000,7192291,12931420,12.93142,2015,tt2403021,The Green Inferno,The Green Inferno,100.0,"Adventure,Horror",5.3,33239,sweet spot,True,9
1422,74,2016-04-08,The Invitation,1000000,231738,354836,0.354836,2016,tt2400463,The Invitation,The Invitation,100.0,"Drama,Horror,Mystery",6.7,70213,sweet spot,True,4
1432,11,2012-03-20,Snow White: A Deadly Summer,1000000,0,0,0.0,2012,tt2149137,Snow White: A Deadly Summer,Snow White: A Deadly Summer,83.0,Horror,2.2,679,under,True,3
1433,12,2012-10-09,Truth or Die,1000000,0,0,0.0,2012,tt1838722,Truth or Die,Truth or Dare,96.0,"Horror,Mystery",5.6,8123,sweet spot,True,10
1434,13,2013-05-14,Black Rock,1000000,0,0,0.0,2013,tt1930294,Black Rock,Black Rock,83.0,"Horror,Thriller",4.8,7596,under,True,5
1437,16,2013-10-08,Zombie Hunter,1000000,0,0,0.0,2013,tt2446502,Zombie Hunter,Zombie Hunter,93.0,"Action,Comedy,Horror",3.5,2372,under,True,10
1440,19,2015-02-10,Fear Clinic,1000000,0,0,0.0,2015,tt2165765,Fear Clinic,Fear Clinic,95.0,Horror,5.0,6256,sweet spot,True,2
1446,30,2014-01-10,Banshee Chapter,950000,0,78122,0.08223368421052632,2014,tt2011276,Banshee Chapter,Banshee Chapter,87.0,"Horror,Sci-Fi,Thriller",5.5,8219,under,True,1
1453,39,2016-04-01,Meet the Blacks,900000,9097072,9097072,10.107857777777777,2016,tt4191580,Meet the Blacks,Meet the Blacks,94.0,"Comedy,Horror",5.9,34669,sweet spot,True,4
1459,70,2012-02-03,Kill List,800000,29063,462206,0.5777575,2012,tt1788391,Kill List,Kill List,95.0,"Crime,Drama,Horror",6.4,32807,sweet spot,True,2
1463,78,2012-02-03,The Innkeepers,750000,78396,1011535,1.3487133333333334,2012,tt1594562,The Innkeepers,The Innkeepers,101.0,"Drama,Horror,Mystery",5.5,31089,sweet spot,True,2
1468,100,2013-10-11,Escape from Tomorrow,650000,171962,171962,0.2645569230769231,2013,tt2187884,Escape from Tomorrow,Escape from Tomorrow,90.0,"Drama,Fantasy,Horror",5.2,8665,under,True,10
1486,55,2011-04-01,Rubber,500000,100370,680914,1.361828,2011,tt1612774,Rubber,Rubber,82.0,"Comedy,Fantasy,Horror",5.8,31316,under,True,4
1491,74,2012-07-17,Girls Gone Dead,500000,0,0,0.0,2012,tt1884318,Girls Gone Dead,Girls Gone Dead,104.0,"Comedy,Horror",3.5,2230,sweet spot,True,7
1493,78,2015-03-10,Subconscious,500000,0,0,0.0,2015,tt1764615,Subconscious,Subconscious,72.0,Horror,4.5,172,under,True,3
1494,79,2015-04-14,Roadside,500000,0,0,0.0,2015,tt1958007,Roadside,Roadside,90.0,"Drama,Horror,Mystery",3.8,361,under,True,4
1496,81,2015-02-10,Love in the Time of Monsters,500000,0,0,0.0,2015,tt2403415,Love in the Time of Monsters,Love in the Time of Monsters,97.0,"Comedy,Horror",5.5,183,sweet spot,True,2
1500,87,2015-08-11,Alleluia! The Devil's Carnival,500000,0,0,0.0,2015,tt3892618,Alleluia! The Devil's Carnival,Alleluia! The Devil's Carnival,97.0,"Horror,Musical",6.9,534,sweet spot,True,8
1513,63,2015-03-10,Teeth and Blood,300000,0,0,0.0,2015,tt1991199,Teeth and Blood,Teeth and Blood,96.0,"Action,Horror",4.0,34,sweet spot,True,3
1533,39,2014-08-26,Sanctuary; Quite a Conundrum,200000,0,0,0.0,2014,tt2049518,Sanctuary; Quite a Conundrum,Sanctuary; Quite a Conundrum,82.0,"Comedy,Horror,Thriller",5.4,150,under,True,8
1544,62,2013-12-31,Speak No Evil,150000,0,32927,0.21951333333333334,2013,tt2503358,Speak No Evil,Speak No Evil,74.0,Horror,3.6,534,under,True,12
1559,98,2015-11-10,The Night Visitor,100000,0,0,0.0,2015,tt2797642,The Night Visitor,The Night Visitor,91.0,"Horror,Sci-Fi,Thriller",4.8,95,under,True,11
1564,6,2011-12-31,Absentia,70000,0,8555,0.12221428571428572,2011,tt1610996,Absentia,Absentia,87.0,"Drama,Horror,Mystery",5.8,15507,under,True,12
1567,13,2012-12-31,Hayride,60000,0,0,0.0,2012,tt1861343,Hayride,Hayride,93.0,"Crime,Drama,Horror",3.4,622,under,True,12
1575,32,2011-02-11,Raymond Did It,40000,3632,3632,0.0908,2011,tt1716760,Raymond Did It,Raymond Did It,83.0,Horror,3.3,211,under,True,2
1577,35,2013-10-25,Her Cry: La Llorona Investigation,35000,0,0,0.0,2013,tt2469216,Her Cry: La Llorona Investigation,Her Cry: La Llorona Investigation,89.0,Horror,3.7,70,under,True,10
1581,49,2015-09-01,Exeter,25000,0,489792,19.59168,2015,tt1945044,Exeter,Exeter,91.0,"Horror,Mystery,Thriller",4.5,5156,under,True,9
1586,59,2011-11-25,The Ridges,17300,0,0,0.0,2011,tt1781935,The Ridges,The Ridges,89.0,"Drama,Horror,Thriller",2.9,127,under,True,11
1589,78,2018-12-31,Red 11,7000,0,0,0.0,2018,tt7837402,Red 11,Red 11,77.0,"Horror,Sci-Fi,Thriller",5.6,43,under,True,12
1590,81,2015-09-29,A Plague So Pleasant,1400,0,0,0.0,2015,tt2107644,A Plague So Pleasant,A Plague So Pleasant,76.0,"Drama,Horror,Thriller",5.4,72,under,True,9
